{"cameraMode":{"drawMode":0,"name":"Shaded","section":"Shading Mode"},"sceneLighting":false,"audioPlay":false,"sceneViewState":{"showFog":true,"showMaterialUpdate":false,"showSkybox":false,"showFlares":true,"showImageEffects":true,"showParticleSystems":true},"in2DMode":false,"pivot":{"x":0.6273548603057861,"y":-0.022315621376037599,"z":0.13411574065685273},"rotation":{"x":-0.15390416979789735,"y":0.6759839653968811,"z":-0.14748342335224152,"w":-0.705413818359375},"size":1.833085536956787,"orthographic":false}