{"cameraMode":{"drawMode":0,"name":"Shaded","section":"Shading Mode"},"sceneLighting":true,"audioPlay":false,"sceneViewState":{"showFog":true,"showMaterialUpdate":false,"showSkybox":true,"showFlares":true,"showImageEffects":true,"showParticleSystems":true},"in2DMode":false,"pivot":{"x":-9.479219436645508,"y":2.5427498817443849,"z":6.397998809814453},"rotation":{"x":-0.13166536390781403,"y":0.6965452432632446,"z":-0.13237807154655457,"w":-0.6927953362464905},"size":15.362991333007813,"orthographic":false}